-- phpMyAdmin SQL Dump
-- version 5.1.3
-- https://www.phpmyadmin.net/
--
-- Hôte : localhost:3306
-- Généré le : mar. 07 juin 2022 à 12:00
-- Version du serveur : 5.7.33
-- Version de PHP : 7.4.19

SET SQL_MODE = "NO_AUTO_VALUE_ON_ZERO";
START TRANSACTION;
SET time_zone = "+00:00";


/*!40101 SET @OLD_CHARACTER_SET_CLIENT=@@CHARACTER_SET_CLIENT */;
/*!40101 SET @OLD_CHARACTER_SET_RESULTS=@@CHARACTER_SET_RESULTS */;
/*!40101 SET @OLD_COLLATION_CONNECTION=@@COLLATION_CONNECTION */;
/*!40101 SET NAMES utf8mb4 */;

--
-- Base de données : `ppe-2022---client-leger`
--

-- --------------------------------------------------------

--
-- Structure de la table `commandes`
--

CREATE TABLE `commandes` (
  `COMRef` varchar(20) NOT NULL,
  `COMDate` varchar(90) DEFAULT NULL,
  `UTILCode` varchar(10) NOT NULL
) ENGINE=InnoDB DEFAULT CHARSET=utf8;

--
-- Déchargement des données de la table `commandes`
--

INSERT INTO `commandes` (`COMRef`, `COMDate`, `UTILCode`) VALUES
('1', '2/18/2021', '1'),
('10', '9/22/2021', '10'),
('100', '12/28/2021', '100'),
('101', '8/21/2021', '101'),
('102', '8/4/2021', '102'),
('103', '6/17/2021', '103'),
('104', '5/13/2021', '104'),
('105', '11/25/2021', '105'),
('106', '2/21/2021', '106'),
('107', '1/6/2022', '107'),
('108', '5/25/2021', '108'),
('109', '6/9/2021', '109'),
('11', '6/3/2021', '11'),
('110', '9/26/2021', '110'),
('111', '11/28/2021', '111'),
('112', '12/28/2021', '112'),
('113', '3/24/2021', '113'),
('114', '1/11/2022', '114'),
('115', '11/23/2021', '115'),
('116', '1/1/2022', '116'),
('117', '5/29/2021', '117'),
('118', '9/3/2021', '118'),
('119', '12/20/2021', '119'),
('12', '10/26/2021', '12'),
('120', '7/2/2021', '120'),
('121', '5/5/2021', '121'),
('122', '9/1/2021', '122'),
('123', '5/25/2021', '123'),
('124', '4/22/2021', '124'),
('125', '11/28/2021', '125'),
('126', '7/4/2021', '126'),
('127', '4/4/2021', '127'),
('128', '8/9/2021', '128'),
('129', '12/26/2021', '129'),
('13', '8/30/2021', '13'),
('130', '4/24/2021', '130'),
('131', '12/21/2021', '131'),
('132', '8/1/2021', '132'),
('133', '6/20/2021', '133'),
('134', '9/21/2021', '134'),
('135', '5/26/2021', '135'),
('136', '4/19/2021', '136'),
('137', '8/30/2021', '137'),
('138', '11/14/2021', '138'),
('139', '2/15/2021', '139'),
('14', '7/3/2021', '14'),
('140', '6/29/2021', '140'),
('141', '9/21/2021', '141'),
('142', '5/8/2021', '142'),
('143', '3/20/2021', '143'),
('144', '11/28/2021', '144'),
('145', '6/1/2021', '145'),
('146', '1/26/2021', '146'),
('147', '2/23/2021', '147'),
('148', '10/14/2021', '148'),
('149', '7/23/2021', '149'),
('15', '8/7/2021', '15'),
('150', '2/17/2021', '150'),
('151', '6/6/2021', '151'),
('152', '7/29/2021', '152'),
('153', '12/24/2021', '153'),
('154', '1/2/2022', '154'),
('155', '7/25/2021', '155'),
('156', '10/5/2021', '156'),
('157', '3/4/2021', '157'),
('158', '4/2/2021', '158'),
('159', '5/8/2021', '159'),
('16', '8/12/2021', '16'),
('160', '4/6/2021', '160'),
('161', '11/18/2021', '161'),
('162', '2/4/2021', '162'),
('163', '10/6/2021', '163'),
('164', '10/26/2021', '164'),
('165', '1/11/2022', '165'),
('166', '10/11/2021', '166'),
('167', '3/17/2021', '167'),
('168', '9/21/2021', '168'),
('169', '12/27/2021', '169'),
('17', '9/3/2021', '17'),
('170', '11/25/2021', '170'),
('171', '6/14/2021', '171'),
('172', '6/5/2021', '172'),
('173', '3/17/2021', '173'),
('174', '1/4/2022', '174'),
('175', '2/13/2021', '175'),
('176', '4/5/2021', '176'),
('177', '8/12/2021', '177'),
('178', '3/9/2021', '178'),
('179', '5/13/2021', '179'),
('18', '1/12/2021', '18'),
('180', '8/16/2021', '180'),
('181', '3/24/2021', '181'),
('182', '8/15/2021', '182'),
('183', '10/29/2021', '183'),
('184', '9/15/2021', '184'),
('185', '7/7/2021', '185'),
('186', '10/11/2021', '186'),
('187', '4/16/2021', '187'),
('188', '3/16/2021', '188'),
('189', '4/10/2021', '189'),
('19', '4/4/2021', '19'),
('190', '3/4/2021', '190'),
('191', '6/26/2021', '191'),
('192', '4/15/2021', '192'),
('193', '5/17/2021', '193'),
('194', '8/22/2021', '194'),
('195', '9/22/2021', '195'),
('196', '9/4/2021', '196'),
('197', '5/15/2021', '197'),
('198', '4/11/2021', '198'),
('199', '9/5/2021', '199'),
('2', '5/19/2021', '2'),
('20', '11/28/2021', '20'),
('200', '2/13/2021', '200'),
('201', '8/15/2021', '201'),
('202', '11/30/2021', '202'),
('203', '6/17/2021', '203'),
('204', '6/13/2021', '204'),
('205', '12/26/2021', '205'),
('206', '8/11/2021', '206'),
('207', '9/1/2021', '207'),
('208', '10/25/2021', '208'),
('209', '8/30/2021', '209'),
('21', '10/5/2021', '21'),
('210', '3/8/2021', '210'),
('211', '3/15/2021', '211'),
('212', '2/18/2021', '212'),
('213', '7/16/2021', '213'),
('214', '4/11/2021', '214'),
('215', '4/10/2021', '215'),
('216', '12/27/2021', '216'),
('217', '6/16/2021', '217'),
('218', '7/25/2021', '218'),
('219', '5/15/2021', '219'),
('22', '11/28/2021', '22'),
('220', '4/9/2021', '220'),
('221', '7/31/2021', '221'),
('222', '4/15/2021', '222'),
('223', '12/2/2021', '223'),
('224', '5/26/2021', '224'),
('225', '3/29/2021', '225'),
('226', '11/18/2021', '226'),
('227', '11/25/2021', '227'),
('228', '8/15/2021', '228'),
('229', '7/25/2021', '229'),
('23', '5/25/2021', '23'),
('230', '8/28/2021', '230'),
('231', '8/17/2021', '231'),
('232', '10/11/2021', '232'),
('233', '5/27/2021', '233'),
('234', '9/19/2021', '234'),
('235', '12/2/2021', '235'),
('236', '4/25/2021', '236'),
('237', '5/8/2021', '237'),
('238', '2/19/2021', '238'),
('239', '4/18/2021', '239'),
('24', '10/24/2021', '24'),
('240', '12/17/2021', '240'),
('241', '9/29/2021', '241'),
('242', '8/9/2021', '242'),
('243', '1/18/2021', '243'),
('244', '11/3/2021', '244'),
('245', '1/31/2021', '245'),
('246', '9/3/2021', '246'),
('247', '10/30/2021', '247'),
('248', '7/9/2021', '248'),
('249', '3/27/2021', '249'),
('25', '9/7/2021', '25'),
('250', '10/19/2021', '250'),
('251', '3/11/2021', '251'),
('252', '5/3/2021', '252'),
('253', '11/10/2021', '253'),
('254', '9/10/2021', '254'),
('255', '11/22/2021', '255'),
('256', '7/5/2021', '256'),
('257', '11/18/2021', '257'),
('258', '12/13/2021', '258'),
('259', '1/24/2021', '259'),
('26', '10/15/2021', '26'),
('260', '5/14/2021', '260'),
('261', '8/26/2021', '261'),
('262', '5/10/2021', '262'),
('263', '12/17/2021', '263'),
('264', '4/19/2021', '264'),
('265', '2/18/2021', '265'),
('266', '12/30/2021', '266'),
('267', '11/23/2021', '267'),
('268', '1/12/2021', '268'),
('269', '9/24/2021', '269'),
('27', '7/5/2021', '27'),
('270', '3/21/2021', '270'),
('271', '3/6/2021', '271'),
('272', '2/5/2021', '272'),
('273', '9/18/2021', '273'),
('274', '9/11/2021', '274'),
('275', '4/4/2021', '275'),
('276', '2/5/2021', '276'),
('277', '8/4/2021', '277'),
('278', '4/11/2021', '278'),
('279', '11/6/2021', '279'),
('28', '11/21/2021', '28'),
('280', '7/17/2021', '280'),
('281', '6/26/2021', '281'),
('282', '12/25/2021', '282'),
('283', '4/9/2021', '283'),
('284', '12/7/2021', '284'),
('285', '10/6/2021', '285'),
('286', '12/11/2021', '286'),
('287', '4/6/2021', '287'),
('288', '6/20/2021', '288'),
('289', '8/24/2021', '289'),
('29', '11/17/2021', '29'),
('290', '2/8/2021', '290'),
('291', '2/14/2021', '291'),
('292', '10/28/2021', '292'),
('293', '4/8/2021', '293'),
('294', '8/30/2021', '294'),
('295', '12/29/2021', '295'),
('296', '1/6/2022', '296'),
('297', '11/8/2021', '297'),
('298', '5/30/2021', '298'),
('299', '6/27/2021', '299'),
('3', '4/3/2021', '3'),
('30', '12/12/2021', '30'),
('300', '5/17/2021', '300'),
('301', '10/7/2021', '301'),
('302', '3/31/2021', '302'),
('303', '7/13/2021', '303'),
('304', '3/22/2021', '304'),
('305', '6/15/2021', '305'),
('306', '11/4/2021', '306'),
('307', '5/3/2021', '307'),
('308', '9/10/2021', '308'),
('309', '12/5/2021', '309'),
('31', '5/21/2021', '31'),
('310', '12/24/2021', '310'),
('311', '8/24/2021', '311'),
('312', '6/13/2021', '312'),
('313', '3/26/2021', '313'),
('314', '2/18/2021', '314'),
('315', '2/4/2021', '315'),
('316', '6/8/2021', '316'),
('317', '6/19/2021', '317'),
('318', '4/4/2021', '318'),
('319', '11/10/2021', '319'),
('32', '10/3/2021', '32'),
('320', '7/20/2021', '320'),
('321', '10/12/2021', '321'),
('322', '10/2/2021', '322'),
('323', '2/13/2021', '323'),
('324', '5/9/2021', '324'),
('325', '4/29/2021', '325'),
('326', '7/31/2021', '326'),
('327', '1/9/2022', '327'),
('328', '7/24/2021', '328'),
('329', '11/21/2021', '329'),
('33', '6/25/2021', '33'),
('330', '8/9/2021', '330'),
('331', '2/20/2021', '331'),
('332', '2/15/2021', '332'),
('333', '11/22/2021', '333'),
('334', '1/25/2021', '334'),
('335', '5/31/2021', '335'),
('336', '8/10/2021', '336'),
('337', '11/10/2021', '337'),
('338', '7/2/2021', '338'),
('339', '6/28/2021', '339'),
('34', '9/24/2021', '34'),
('340', '3/18/2021', '340'),
('341', '7/6/2021', '341'),
('342', '7/28/2021', '342'),
('343', '12/1/2021', '343'),
('344', '1/30/2021', '344'),
('345', '10/21/2021', '345'),
('346', '8/14/2021', '346'),
('347', '1/31/2021', '347'),
('348', '7/5/2021', '348'),
('349', '2/18/2021', '349'),
('35', '2/17/2021', '35'),
('350', '9/1/2021', '350'),
('351', '2/6/2021', '351'),
('352', '12/5/2021', '352'),
('353', '6/30/2021', '353'),
('354', '12/8/2021', '354'),
('355', '8/19/2021', '355'),
('356', '6/15/2021', '356'),
('357', '3/22/2021', '357'),
('358', '3/17/2021', '358'),
('359', '10/2/2021', '359'),
('36', '5/27/2021', '36'),
('360', '10/22/2021', '360'),
('361', '12/17/2021', '361'),
('362', '3/5/2021', '362'),
('363', '1/11/2022', '363'),
('364', '8/12/2021', '364'),
('365', '5/16/2021', '365'),
('366', '3/31/2021', '366'),
('367', '1/25/2021', '367'),
('368', '3/4/2021', '368'),
('369', '8/3/2021', '369'),
('37', '9/11/2021', '37'),
('370', '3/6/2021', '370'),
('371', '10/1/2021', '371'),
('372', '8/17/2021', '372'),
('373', '12/24/2021', '373'),
('374', '1/13/2021', '374'),
('375', '5/5/2021', '375'),
('376', '2/9/2021', '376'),
('377', '7/19/2021', '377'),
('378', '8/2/2021', '378'),
('379', '6/24/2021', '379'),
('38', '6/17/2021', '38'),
('380', '8/15/2021', '380'),
('381', '6/23/2021', '381'),
('382', '3/13/2021', '382'),
('383', '5/18/2021', '383'),
('384', '2/18/2021', '384'),
('385', '3/7/2021', '385'),
('386', '10/27/2021', '386'),
('387', '1/5/2022', '387'),
('388', '1/19/2021', '388'),
('389', '1/20/2021', '389'),
('39', '9/9/2021', '39'),
('390', '9/8/2021', '390'),
('391', '7/28/2021', '391'),
('392', '6/7/2021', '392'),
('393', '4/22/2021', '393'),
('394', '6/13/2021', '394'),
('395', '6/8/2021', '395'),
('396', '9/15/2021', '396'),
('397', '9/30/2021', '397'),
('398', '10/12/2021', '398'),
('399', '8/7/2021', '399'),
('4', '2/12/2021', '4'),
('40', '4/20/2021', '40'),
('400', '10/31/2021', '400'),
('41', '4/12/2021', '41'),
('42', '8/29/2021', '42'),
('43', '9/19/2021', '43'),
('44', '9/24/2021', '44'),
('45', '9/2/2021', '45'),
('46', '7/9/2021', '46'),
('47', '7/22/2021', '47'),
('48', '1/11/2022', '48'),
('49', '6/12/2021', '49'),
('5', '10/5/2021', '5'),
('50', '10/16/2021', '50'),
('51', '10/3/2021', '51'),
('52', '1/26/2021', '52'),
('53', '5/6/2021', '53'),
('54', '7/9/2021', '54'),
('55', '6/15/2021', '55'),
('56', '7/10/2021', '56'),
('57', '4/9/2021', '57'),
('58', '1/19/2021', '58'),
('59', '10/20/2021', '59'),
('6', '10/5/2021', '6'),
('60', '2/26/2021', '60'),
('61', '4/6/2021', '61'),
('62', '9/13/2021', '62'),
('63', '4/2/2021', '63'),
('64', '7/3/2021', '64'),
('65', '3/16/2021', '65'),
('66', '7/6/2021', '66'),
('67', '4/4/2021', '67'),
('68', '11/7/2021', '68'),
('69', '8/22/2021', '69'),
('7', '11/23/2021', '7'),
('70', '12/31/2021', '70'),
('71', '9/24/2021', '71'),
('72', '12/13/2021', '72'),
('73', '6/28/2021', '73'),
('74', '7/3/2021', '74'),
('75', '8/25/2021', '75'),
('76', '3/8/2021', '76'),
('77', '12/31/2021', '77'),
('78', '2/3/2021', '78'),
('79', '11/5/2021', '79'),
('8', '3/29/2021', '8'),
('80', '1/3/2022', '80'),
('81', '7/5/2021', '81'),
('82', '10/5/2021', '82'),
('83', '6/19/2021', '83'),
('84', '8/28/2021', '84'),
('85', '4/27/2021', '85'),
('86', '5/26/2021', '86'),
('87', '4/14/2021', '87'),
('88', '7/12/2021', '88'),
('89', '7/21/2021', '89'),
('9', '5/23/2021', '9'),
('90', '11/29/2021', '90'),
('91', '3/21/2021', '91'),
('92', '11/24/2021', '92'),
('93', '3/2/2021', '93'),
('94', '2/27/2021', '94'),
('95', '10/17/2021', '95'),
('96', '7/16/2021', '96'),
('97', '4/16/2021', '97'),
('98', '9/21/2021', '98'),
('99', '4/9/2021', '99');

-- --------------------------------------------------------

--
-- Structure de la table `employes`
--

CREATE TABLE `employes` (
  `EMPLOYCode` varchar(10) NOT NULL,
  `EMPLOYNoms` varchar(50) DEFAULT NULL,
  `EMPLOYPrenom` varchar(50) DEFAULT NULL,
  `EMPLOYPoste` varchar(50) DEFAULT NULL,
  `EMPLOYMail` varchar(50) DEFAULT NULL,
  `EMPLOYTelephone` varchar(50) DEFAULT NULL,
  `EMPLOYPharmacie` varchar(10) NOT NULL,
  `EMPLOYNom` varchar(100) DEFAULT NULL
) ENGINE=InnoDB DEFAULT CHARSET=utf8;

--
-- Déchargement des données de la table `employes`
--

INSERT INTO `employes` (`EMPLOYCode`, `EMPLOYNoms`, `EMPLOYPrenom`, `EMPLOYPoste`, `EMPLOYMail`, `EMPLOYTelephone`, `EMPLOYPharmacie`, `EMPLOYNom`) VALUES
('EMP0163', 'Boam', 'Mélodie', 'Stagiaire', 'nboamx@bigcartel.com', '+33630940046', 'PH003', 'Mélodie Boam'),
('EMP0309', 'Westhoff', 'Mélinda', 'Pharmacien', 'swesthoffz@narod.ru', '+33684935340', 'PH005', 'Mélinda Westhoff'),
('EMP0565', 'Hans', 'Intéressant', 'Stagiaire', 'mhansk@ebay.com', '+33624958381', 'PH004', 'Intéressant Hans'),
('EMP1087', 'Rannie', 'Táng', 'Stagiaire', 'hrannie3@taobao.com', '+33610524219', 'PH003', 'Táng Rannie'),
('EMP1563', 'Lightowler', 'Michèle', 'Stagiaire', 'slightowler0@wisc.edu', '+33603883863', 'PH003', 'Michèle Lightowler'),
('EMP1605', 'Guitonneau', 'Maïlis', 'Pharmacien', 'mguitonneauq@ycombinator.com', '+33638845702', 'PH006', 'Maïlis Guitonneau'),
('EMP1907', 'Wollaston', 'Mylène', 'Pharmacien', 'jwollaston11@indiegogo.com', '+33606225273', 'PH006', 'Mylène Wollaston'),
('EMP2031', 'Sturdey', 'Geneviève', 'Livreur', 'hsturdey4@netscape.com', '+33677451908', 'PH006', 'Geneviève Sturdey'),
('EMP2059', 'Hurche', 'Nadège', 'Livreur', 'ghurche19@booking.com', '+33693932483', 'PH005', 'Nadège Hurche'),
('EMP2244', 'Chupin', 'Naéva', 'Livreur', 'nchupinj@globo.com', '+33642374884', 'PH006', 'Naéva Chupin'),
('EMP2455', 'Langstone', 'Uò', 'Livreur', 'slangstone1c@npr.org', '+33619709557', 'PH006', 'Uò Langstone'),
('EMP2817', 'Fromont', 'Irène', 'Livreur', 'lfromontg@hatena.ne.jp', '+33624625920', 'PH004', 'Irène Fromont'),
('EMP2920', 'Kordes', 'Illustrée', 'Stagiaire', 'lkordes1d@dedecms.com', '+33601664149', 'PH003', 'Illustrée Kordes'),
('EMP3306', 'Kenrat', 'Mén', 'Stagiaire', 'akenrata@sciencedaily.com', '+33627200838', 'PH003', 'Mén Kenrat'),
('EMP3688', 'MacNucator', 'Gaïa', 'Pharmacien', 'nmacnucator2@icio.us', '+33634745510', 'PH001', 'Gaïa MacNucator'),
('EMP3872', 'Gehrtz', 'Björn', 'Responsable', 'agehrtz18@bbb.org', '+33617572326', 'PH001', 'Björn Gehrtz'),
('EMP3888', 'Jeandon', 'Méthode', 'Livreur', 'mjeandonp@t.co', '+33641012819', 'PH006', 'Méthode Jeandon'),
('EMP4029', 'Daunter', 'Gérald', 'Responsable', 'edaunter5@histats.com', '+33694986443', 'PH001', 'Gérald Daunter'),
('EMP4151', 'Oliva', 'Garçon', 'Responsable', 'colivao@google.com.br', '+33661159678', 'PH002', 'Garçon Oliva'),
('EMP4558', 'Pennetta', 'Ophélie', 'Responsable', 'mpennetta13@noaa.gov', '+33609440503', 'PH001', 'Ophélie Pennetta'),
('EMP4801', 'Godlonton', 'Kallisté', 'Responsable', 'ugodlontont@twitter.com', '+33648835443', 'PH002', 'Kallisté Godlonton'),
('EMP4937', 'Knowles', 'Annotée', 'Livreur', 'jknowles10@alibaba.com', '+33645471446', 'PH005', 'Annotée Knowles'),
('EMP4997', 'MacGray', 'Lén', 'Stagiaire', 'bmacgraym@prnewswire.com', '+33670212131', 'PH006', 'Lén MacGray'),
('EMP5093', 'Mauditt', 'Loïca', 'Responsable', 'rmaudittd@google.ca', '+33602772197', 'PH003', 'Loïca Mauditt'),
('EMP5125', 'Lidgett', 'Esbjörn', 'Pharmacien', 'mlidgettr@aboutads.info', '+33645654219', 'PH004', 'Esbjörn Lidgett'),
('EMP5220', 'Rallings', 'Esbjörn', 'Livreur', 'rrallings6@ameblo.jp', '+33639763954', 'PH002', 'Esbjörn Rallings'),
('EMP5332', 'Thake', 'Léandre', 'Pharmacien', 'sthake9@is.gd', '+33676606951', 'PH001', 'Léandre Thake'),
('EMP5771', 'Cocks', 'Cinéma', 'Responsable', 'ccocksi@sourceforge.net', '+33687587754', 'PH002', 'Cinéma Cocks'),
('EMP5914', 'Gagin', 'Cécilia', 'Responsable', 'ggagin12@pinterest.com', '+33670880346', 'PH002', 'Cécilia Gagin'),
('EMP5939', 'Harrington', 'Mélinda', 'Livreur', 'lharringtonf@hostgator.com', '+33656193355', 'PH003', 'Mélinda Harrington'),
('EMP5981', 'Faull', 'Edmée', 'Pharmacien', 'cfaullh@alexa.com', '+33625295869', 'PH005', 'Edmée Faull'),
('EMP6092', 'Hawksley', 'Intéressant', 'Stagiaire', 'thawksley1@surveymonkey.com', '+33614770166', 'PH006', 'Intéressant Hawksley'),
('EMP6098', 'Wankling', 'Måns', 'Livreur', 'gwankling16@samsung.com', '+33624713597', 'PH002', 'Måns Wankling'),
('EMP6304', 'Crowley', 'Yóu', 'Responsable', 'gcrowleyc@gravatar.com', '+33614795183', 'PH002', 'Yóu Crowley'),
('EMP6555', 'Simeoni', 'Noëlla', 'Stagiaire', 'bsimeoni8@abc.net.au', '+33661893493', 'PH006', 'Noëlla Simeoni'),
('EMP6638', 'Breming', 'Bérénice', 'Responsable', 'dbremingv@pagesperso-orange.fr', '+33665002161', 'PH001', 'Bérénice Breming'),
('EMP6742', 'Le Fevre', 'Simplifiés', 'Responsable', 'klefevree@bizjournals.com', '+33611282415', 'PH002', 'Simplifiés Le Fevre'),
('EMP6866', 'Tottem', 'Uò', 'Livreur', 'stottem1a@weibo.com', '+33624877700', 'PH002', 'Uò Tottem'),
('EMP6886', 'Costock', 'Cécile', 'Responsable', 'tcostockl@mlb.com', '+33621318514', 'PH004', 'Cécile Costock'),
('EMP7366', 'Shillabeare', 'Pål', 'Livreur', 'sshillabeareb@ftc.gov', '+33617573194', 'PH005', 'Pål Shillabeare'),
('EMP7455', 'Chiese', 'Publicité', 'Livreur', 'bchiese14@patch.com', '+33671534958', 'PH003', 'Publicité Chiese'),
('EMP7700', 'Diggle', 'Néhémie', 'Pharmacien', 'jdigglew@reverbnation.com', '+33642338202', 'PH003', 'Néhémie Diggle'),
('EMP8199', 'Ca', 'Gisèle', 'Livreur', 'aca15@github.io', '+33648913454', 'PH005', 'Gisèle Ca'),
('EMP8267', 'Carville', 'Wá', 'Livreur', 'dcarville1b@seattletimes.com', '+33692649623', 'PH005', 'Wá Carville'),
('EMP8283', 'Boucher', 'Anaëlle', 'Responsable', 'lbouchern@cocolog-nifty.com', '+33666031693', 'PH005', 'Anaëlle Boucher'),
('EMP9133', 'Svanetti', 'Félicie', 'Pharmacien', 'ssvanettiu@ox.ac.uk', '+33632388787', 'PH005', 'Félicie Svanetti'),
('EMP9439', 'Buzza', 'Esbjörn', 'Responsable', 'abuzza17@miitbeian.gov.cn', '+33639654262', 'PH002', 'Esbjörn Buzza'),
('EMP9489', 'McNirlan', 'Eléa', 'Responsable', 'cmcnirlans@instagram.com', '+33640819578', 'PH005', 'Eléa McNirlan'),
('EMP9649', 'Gopsell', 'Yú', 'Pharmacien', 'dgopsell7@oracle.com', '+33609067188', 'PH004', 'Yú Gopsell'),
('jnddjkJE', 'JKJKZJK', 'JKJKKF', 'JKNJDJ', 'JKJKZ', 'JKJFZK', 'PH001', 'JKJKKF JKJKZJK');

-- --------------------------------------------------------

--
-- Structure de la table `failed_jobs`
--

CREATE TABLE `failed_jobs` (
  `id` bigint(20) UNSIGNED NOT NULL,
  `uuid` varchar(255) COLLATE utf8mb4_unicode_ci NOT NULL,
  `connection` text COLLATE utf8mb4_unicode_ci NOT NULL,
  `queue` text COLLATE utf8mb4_unicode_ci NOT NULL,
  `payload` longtext COLLATE utf8mb4_unicode_ci NOT NULL,
  `exception` longtext COLLATE utf8mb4_unicode_ci NOT NULL,
  `failed_at` timestamp NOT NULL DEFAULT CURRENT_TIMESTAMP
) ENGINE=InnoDB DEFAULT CHARSET=utf8mb4 COLLATE=utf8mb4_unicode_ci;

-- --------------------------------------------------------

--
-- Structure de la table `lignecommandes`
--

CREATE TABLE `lignecommandes` (
  `COMRef` varchar(10) NOT NULL,
  `PRODRef` varchar(20) NOT NULL,
  `Quantité` int(11) DEFAULT NULL
) ENGINE=InnoDB DEFAULT CHARSET=utf8;

--
-- Déchargement des données de la table `lignecommandes`
--

INSERT INTO `lignecommandes` (`COMRef`, `PRODRef`, `Quantité`) VALUES
('1', '16', 3),
('1', '17', 9),
('1', '18', 2),
('1', '2', 3),
('1', '4', 5),
('1', '5', 8),
('101', '1', 7),
('102', '21', 3),
('102', '7', 1),
('103', '2', 7),
('104', '8', 7),
('105', '30', 8),
('106', '22', 10),
('106', '5', 10),
('108', '12', 4),
('108', '30', 6),
('108', '4', 8),
('109', '24', 3),
('109', '3', 1),
('11', '12', 6),
('110', '14', 10),
('111', '14', 7),
('112', '1', 1),
('112', '13', 8),
('112', '15', 8),
('112', '16', 9),
('112', '25', 7),
('112', '4', 8),
('112', '9', 3),
('113', '14', 3),
('113', '20', 10),
('113', '24', 10),
('113', '6', 6),
('114', '12', 7),
('114', '17', 5),
('115', '19', 8),
('115', '21', 2),
('116', '16', 3),
('116', '6', 5),
('118', '28', 4),
('119', '26', 10),
('12', '13', 3),
('12', '5', 1),
('121', '13', 3),
('122', '21', 8),
('122', '9', 10),
('123', '21', 4),
('123', '22', 5),
('123', '9', 2),
('124', '18', 9),
('124', '21', 5),
('125', '1', 4),
('125', '18', 6),
('125', '29', 7),
('125', '7', 3),
('128', '11', 10),
('128', '13', 7),
('128', '15', 1),
('128', '21', 9),
('128', '26', 7),
('129', '25', 6),
('129', '3', 3),
('131', '22', 5),
('131', '25', 10),
('132', '1', 10),
('132', '18', 5),
('133', '19', 2),
('134', '18', 4),
('134', '28', 9),
('135', '1', 7),
('135', '15', 10),
('135', '30', 9),
('135', '5', 5),
('136', '29', 9),
('136', '5', 7),
('137', '20', 3),
('137', '22', 8),
('137', '9', 8),
('138', '12', 9),
('138', '25', 7),
('138', '8', 10),
('139', '24', 9),
('139', '5', 4),
('14', '2', 2),
('140', '6', 10),
('141', '18', 1),
('142', '1', 10),
('143', '16', 8),
('144', '17', 6),
('145', '8', 10),
('145', '9', 2),
('146', '22', 4),
('146', '29', 9),
('146', '30', 10),
('147', '22', 9),
('147', '24', 6),
('147', '28', 3),
('147', '8', 9),
('148', '24', 2),
('149', '12', 4),
('149', '23', 9),
('15', '1', 10),
('15', '19', 3),
('15', '26', 6),
('15', '28', 6),
('15', '30', 8),
('15', '8', 6),
('150', '13', 4),
('150', '25', 7),
('151', '2', 8),
('151', '27', 1),
('151', '29', 9),
('151', '7', 8),
('152', '11', 9),
('152', '15', 8),
('152', '2', 8),
('152', '30', 7),
('152', '5', 2),
('153', '13', 1),
('153', '14', 4),
('153', '21', 6),
('154', '12', 9),
('154', '13', 5),
('154', '24', 4),
('154', '29', 3),
('156', '8', 8),
('157', '15', 5),
('158', '6', 6),
('159', '18', 7),
('159', '19', 8),
('159', '21', 1),
('16', '25', 1),
('160', '12', 9),
('160', '29', 3),
('161', '10', 4),
('161', '13', 1),
('161', '16', 9),
('163', '24', 3),
('163', '29', 10),
('163', '6', 2),
('165', '13', 10),
('165', '17', 3),
('165', '30', 1),
('165', '5', 9),
('166', '23', 2),
('167', '15', 3),
('168', '1', 5),
('168', '28', 10),
('168', '6', 4),
('168', '7', 7),
('169', '20', 1),
('17', '23', 4),
('170', '1', 7),
('170', '24', 6),
('171', '14', 1),
('171', '18', 10),
('171', '28', 6),
('171', '7', 2),
('172', '11', 6),
('172', '12', 8),
('172', '3', 7),
('173', '30', 7),
('174', '16', 2),
('175', '8', 3),
('176', '15', 6),
('176', '18', 2),
('176', '19', 1),
('177', '21', 5),
('177', '8', 6),
('178', '11', 4),
('179', '7', 4),
('18', '10', 7),
('18', '14', 2),
('18', '3', 7),
('180', '1', 2),
('180', '11', 4),
('180', '15', 4),
('180', '21', 5),
('180', '3', 5),
('180', '30', 4),
('182', '24', 4),
('183', '24', 3),
('183', '28', 5),
('183', '30', 3),
('184', '13', 2),
('184', '6', 7),
('185', '14', 9),
('185', '15', 2),
('185', '17', 8),
('185', '25', 8),
('185', '4', 3),
('185', '7', 9),
('186', '11', 6),
('186', '18', 6),
('186', '25', 5),
('186', '4', 7),
('187', '1', 10),
('188', '20', 8),
('188', '23', 9),
('189', '1', 2),
('189', '13', 8),
('189', '6', 2),
('19', '29', 8),
('190', '27', 7),
('190', '28', 8),
('190', '4', 1),
('190', '9', 2),
('191', '1', 6),
('191', '30', 4),
('192', '1', 9),
('193', '29', 5),
('194', '1', 3),
('194', '7', 9),
('195', '12', 1),
('195', '3', 5),
('196', '7', 1),
('198', '7', 2),
('199', '17', 2),
('2', '23', 3),
('20', '7', 6),
('200', '1', 3),
('200', '4', 3),
('200', '9', 6),
('202', '19', 9),
('202', '7', 5),
('203', '19', 4),
('203', '23', 4),
('203', '4', 6),
('204', '14', 1),
('205', '17', 5),
('205', '5', 8),
('206', '16', 6),
('206', '19', 2),
('206', '25', 1),
('207', '18', 7),
('207', '23', 7),
('207', '30', 7),
('207', '7', 4),
('208', '1', 4),
('208', '4', 10),
('209', '16', 7),
('209', '30', 9),
('209', '9', 4),
('211', '1', 1),
('211', '11', 7),
('211', '22', 2),
('211', '23', 4),
('212', '13', 5),
('212', '16', 3),
('212', '26', 4),
('213', '3', 10),
('214', '16', 5),
('214', '17', 4),
('214', '19', 9),
('214', '20', 5),
('214', '22', 5),
('214', '28', 10),
('214', '4', 1),
('215', '10', 5),
('216', '22', 2),
('217', '1', 2),
('217', '15', 5),
('217', '19', 1),
('219', '13', 6),
('219', '27', 7),
('219', '5', 8),
('22', '9', 3),
('220', '11', 1),
('220', '16', 2),
('220', '6', 4),
('221', '29', 6),
('221', '30', 10),
('223', '12', 8),
('224', '1', 5),
('224', '14', 8),
('225', '17', 7),
('226', '16', 3),
('226', '30', 6),
('226', '6', 10),
('227', '30', 1),
('228', '1', 9),
('228', '10', 6),
('228', '17', 8),
('228', '21', 10),
('229', '11', 1),
('23', '4', 6),
('230', '21', 8),
('231', '12', 3),
('231', '21', 7),
('231', '29', 2),
('233', '29', 2),
('234', '14', 6),
('234', '18', 2),
('234', '30', 3),
('234', '7', 9),
('235', '11', 6),
('236', '17', 8),
('236', '4', 2),
('237', '29', 8),
('237', '8', 6),
('238', '13', 3),
('238', '19', 10),
('238', '28', 4),
('238', '3', 6),
('239', '10', 2),
('240', '5', 4),
('240', '7', 5),
('241', '23', 8),
('241', '9', 5),
('242', '13', 1),
('242', '18', 10),
('242', '8', 8),
('243', '10', 5),
('243', '24', 2),
('243', '28', 6),
('243', '8', 6),
('244', '12', 7),
('244', '21', 3),
('245', '1', 2),
('245', '8', 8),
('246', '14', 10),
('246', '6', 4),
('247', '11', 4),
('247', '23', 3),
('247', '3', 5),
('249', '18', 1),
('249', '22', 5),
('249', '29', 2),
('249', '4', 3),
('25', '17', 5),
('25', '19', 9),
('25', '26', 9),
('25', '29', 2),
('250', '29', 8),
('251', '3', 7),
('251', '7', 6),
('253', '23', 2),
('253', '25', 9),
('254', '19', 9),
('254', '6', 8),
('255', '12', 10),
('255', '29', 7),
('256', '20', 3),
('256', '5', 8),
('257', '24', 9),
('257', '5', 4),
('258', '15', 5),
('258', '6', 2),
('259', '18', 7),
('26', '22', 1),
('260', '10', 10),
('260', '14', 3),
('260', '27', 8),
('262', '11', 1),
('262', '19', 9),
('262', '23', 10),
('262', '26', 6),
('262', '5', 4),
('263', '7', 1),
('265', '13', 10),
('265', '29', 8),
('265', '9', 8),
('266', '22', 2),
('267', '15', 4),
('268', '2', 5),
('268', '25', 8),
('269', '11', 10),
('269', '17', 8),
('270', '25', 2),
('270', '29', 1),
('270', '30', 9),
('271', '13', 1),
('271', '17', 10),
('271', '2', 10),
('271', '20', 1),
('271', '22', 4),
('272', '28', 7),
('272', '9', 8),
('273', '17', 6),
('273', '19', 9),
('274', '10', 1),
('274', '13', 2),
('275', '29', 4),
('275', '9', 9),
('277', '11', 6),
('277', '12', 2),
('277', '29', 9),
('278', '14', 10),
('278', '2', 7),
('279', '11', 3),
('279', '18', 10),
('28', '19', 1),
('28', '27', 7),
('28', '7', 1),
('281', '21', 3),
('282', '18', 6),
('282', '22', 1),
('282', '25', 8),
('283', '29', 10),
('283', '4', 8),
('283', '9', 1),
('285', '12', 5),
('285', '20', 7),
('285', '3', 3),
('286', '4', 7),
('287', '17', 7),
('287', '23', 6),
('287', '5', 8),
('288', '14', 5),
('288', '21', 2),
('288', '5', 9),
('289', '26', 10),
('289', '28', 4),
('29', '18', 4),
('29', '4', 8),
('290', '7', 4),
('291', '2', 5),
('291', '29', 3),
('291', '4', 4),
('292', '15', 1),
('292', '16', 4),
('292', '18', 1),
('292', '21', 10),
('293', '28', 8),
('294', '14', 2),
('294', '17', 10),
('294', '29', 8),
('295', '5', 3),
('296', '1', 6),
('296', '17', 10),
('296', '24', 4),
('296', '3', 3),
('297', '18', 9),
('298', '1', 3),
('298', '2', 9),
('299', '11', 10),
('299', '14', 3),
('299', '7', 6),
('3', '1', 1),
('3', '16', 1),
('3', '28', 4),
('30', '13', 9),
('30', '17', 3),
('30', '2', 3),
('30', '22', 2),
('30', '25', 1),
('30', '29', 9),
('30', '9', 1),
('300', '13', 3),
('300', '4', 2),
('301', '18', 1),
('301', '8', 2),
('302', '14', 3),
('302', '20', 1),
('303', '4', 1),
('304', '19', 8),
('304', '21', 7),
('304', '9', 5),
('305', '26', 4),
('305', '27', 9),
('306', '24', 7),
('306', '4', 9),
('307', '22', 2),
('308', '16', 3),
('308', '18', 3),
('308', '30', 7),
('309', '14', 7),
('31', '9', 10),
('311', '6', 4),
('313', '25', 8),
('314', '18', 8),
('315', '14', 10),
('315', '19', 2),
('316', '15', 3),
('316', '16', 10),
('316', '17', 1),
('316', '9', 9),
('317', '10', 2),
('317', '8', 4),
('318', '28', 3),
('318', '3', 3),
('319', '24', 6),
('320', '13', 6),
('321', '29', 4),
('321', '3', 7),
('321', '8', 9),
('322', '8', 10),
('322', '9', 9),
('323', '23', 5),
('323', '25', 9),
('324', '26', 3),
('324', '30', 4),
('325', '10', 7),
('327', '24', 9),
('327', '4', 1),
('328', '11', 2),
('328', '16', 10),
('328', '22', 8),
('328', '23', 6),
('329', '18', 1),
('329', '4', 8),
('33', '29', 7),
('330', '4', 9),
('331', '15', 1),
('331', '17', 1),
('332', '10', 9),
('333', '28', 8),
('335', '15', 6),
('335', '19', 9),
('335', '29', 2),
('335', '30', 3),
('335', '6', 10),
('336', '10', 8),
('336', '20', 6),
('337', '14', 6),
('337', '23', 6),
('337', '30', 3),
('338', '20', 3),
('339', '15', 7),
('339', '2', 5),
('339', '3', 5),
('34', '10', 5),
('34', '21', 1),
('34', '7', 10),
('34', '8', 1),
('340', '15', 4),
('340', '9', 2),
('341', '12', 1),
('341', '17', 6),
('342', '3', 3),
('343', '11', 6),
('343', '21', 10),
('343', '7', 5),
('344', '14', 10),
('344', '18', 1),
('344', '4', 3),
('345', '11', 9),
('345', '14', 4),
('345', '19', 7),
('345', '23', 6),
('345', '28', 4),
('346', '22', 1),
('346', '24', 1),
('347', '19', 5),
('347', '22', 9),
('347', '29', 2),
('348', '8', 5),
('349', '16', 1),
('349', '20', 4),
('35', '18', 10),
('350', '15', 1),
('350', '16', 4),
('350', '27', 5),
('350', '5', 8),
('351', '10', 9),
('351', '14', 2),
('351', '26', 9),
('351', '4', 4),
('352', '22', 4),
('352', '30', 1),
('353', '24', 6),
('355', '15', 2),
('355', '4', 6),
('356', '22', 2),
('356', '30', 8),
('357', '24', 9),
('357', '30', 2),
('36', '13', 5),
('360', '10', 7),
('360', '11', 7),
('360', '13', 1),
('360', '14', 8),
('360', '2', 10),
('361', '20', 2),
('362', '1', 2),
('362', '10', 7),
('362', '25', 7),
('362', '3', 3),
('363', '13', 5),
('363', '20', 5),
('364', '24', 9),
('365', '11', 10),
('366', '23', 4),
('366', '27', 1),
('366', '3', 7),
('368', '3', 8),
('368', '9', 7),
('369', '24', 1),
('369', '29', 7),
('369', '5', 10),
('369', '6', 10),
('37', '13', 9),
('37', '28', 7),
('370', '10', 1),
('371', '16', 9),
('373', '19', 3),
('373', '22', 3),
('374', '22', 9),
('374', '24', 3),
('375', '26', 7),
('376', '18', 2),
('376', '22', 3),
('376', '23', 6),
('376', '25', 4),
('376', '3', 10),
('377', '22', 8),
('377', '23', 3),
('378', '29', 7),
('38', '12', 6),
('380', '1', 7),
('380', '20', 9),
('381', '2', 5),
('381', '20', 3),
('381', '24', 8),
('381', '29', 5),
('381', '8', 9),
('382', '11', 9),
('382', '17', 7),
('382', '21', 3),
('382', '5', 2),
('383', '1', 2),
('383', '23', 10),
('383', '8', 8),
('384', '2', 5),
('385', '20', 10),
('386', '15', 8),
('386', '25', 2),
('387', '18', 6),
('387', '21', 2),
('387', '23', 2),
('387', '6', 1),
('389', '16', 7),
('389', '17', 10),
('39', '9', 10),
('390', '15', 6),
('390', '2', 1),
('391', '10', 5),
('391', '29', 9),
('391', '4', 2),
('392', '11', 3),
('393', '11', 10),
('393', '22', 9),
('393', '28', 8),
('394', '13', 4),
('394', '16', 4),
('395', '12', 8),
('396', '11', 9),
('396', '14', 6),
('397', '11', 9),
('397', '26', 5),
('397', '28', 3),
('397', '9', 4),
('398', '12', 3),
('398', '21', 4),
('398', '23', 4),
('398', '28', 2),
('399', '13', 10),
('399', '28', 6),
('4', '1', 6),
('4', '22', 8),
('4', '23', 6),
('40', '28', 10),
('40', '9', 2),
('400', '19', 5),
('400', '25', 2),
('400', '28', 9),
('400', '9', 8),
('41', '18', 7),
('42', '13', 10),
('43', '15', 8),
('45', '20', 1),
('45', '27', 7),
('46', '1', 10),
('46', '13', 10),
('46', '8', 7),
('47', '1', 3),
('47', '17', 7),
('47', '24', 4),
('48', '10', 1),
('48', '16', 4),
('48', '24', 8),
('49', '22', 2),
('5', '18', 3),
('5', '20', 2),
('5', '9', 4),
('50', '10', 1),
('50', '19', 8),
('52', '21', 8),
('52', '25', 5),
('52', '3', 4),
('53', '15', 10),
('53', '21', 3),
('53', '30', 1),
('53', '6', 9),
('54', '10', 3),
('54', '22', 4),
('54', '27', 6),
('55', '18', 6),
('55', '25', 10),
('56', '5', 9),
('57', '22', 1),
('57', '26', 4),
('57', '3', 6),
('58', '13', 7),
('58', '24', 9),
('6', '1', 5),
('6', '26', 9),
('60', '28', 2),
('60', '30', 5),
('61', '14', 2),
('62', '5', 9),
('62', '8', 9),
('63', '22', 3),
('63', '26', 6),
('63', '3', 3),
('65', '4', 7),
('66', '27', 5),
('67', '21', 10),
('67', '4', 3),
('67', '5', 3),
('69', '18', 10),
('69', '20', 4),
('7', '2', 5),
('7', '25', 3),
('70', '18', 2),
('70', '29', 5),
('71', '16', 5),
('72', '11', 8),
('72', '6', 1),
('73', '2', 5),
('73', '29', 9),
('73', '3', 4),
('74', '23', 2),
('74', '7', 1),
('74', '9', 7),
('75', '12', 10),
('75', '17', 4),
('75', '29', 9),
('75', '4', 3),
('76', '10', 3),
('76', '11', 2),
('77', '24', 5),
('78', '12', 6),
('78', '22', 4),
('8', '29', 9),
('80', '15', 4),
('80', '16', 9),
('80', '21', 1),
('80', '8', 4),
('81', '2', 8),
('81', '26', 5),
('81', '6', 3),
('83', '1', 3),
('83', '24', 4),
('83', '28', 7),
('84', '12', 2),
('84', '24', 3),
('85', '10', 5),
('85', '12', 6),
('85', '13', 1),
('85', '19', 7),
('86', '26', 9),
('86', '30', 10),
('86', '4', 10),
('88', '22', 5),
('89', '13', 6),
('90', '16', 7),
('90', '2', 5),
('90', '4', 4),
('92', '6', 9),
('93', '15', 7),
('94', '4', 10),
('94', '5', 8),
('95', '20', 5),
('95', '25', 2),
('95', '26', 10),
('96', '27', 3),
('97', '24', 10),
('99', '16', 2),
('99', '25', 6),
('99', '8', 10);

-- --------------------------------------------------------

--
-- Structure de la table `migrations`
--

CREATE TABLE `migrations` (
  `id` int(10) UNSIGNED NOT NULL,
  `migration` varchar(255) COLLATE utf8mb4_unicode_ci NOT NULL,
  `batch` int(11) NOT NULL
) ENGINE=InnoDB DEFAULT CHARSET=utf8mb4 COLLATE=utf8mb4_unicode_ci;

--
-- Déchargement des données de la table `migrations`
--

INSERT INTO `migrations` (`id`, `migration`, `batch`) VALUES
(1, '2014_10_12_000000_create_users_table', 1),
(2, '2014_10_12_100000_create_password_resets_table', 1),
(3, '2019_08_19_000000_create_failed_jobs_table', 1),
(4, '2019_12_14_000001_create_personal_access_tokens_table', 1);

-- --------------------------------------------------------

--
-- Structure de la table `password_resets`
--

CREATE TABLE `password_resets` (
  `email` varchar(255) COLLATE utf8mb4_unicode_ci NOT NULL,
  `token` varchar(255) COLLATE utf8mb4_unicode_ci NOT NULL,
  `created_at` timestamp NULL DEFAULT NULL
) ENGINE=InnoDB DEFAULT CHARSET=utf8mb4 COLLATE=utf8mb4_unicode_ci;

-- --------------------------------------------------------

--
-- Structure de la table `personal_access_tokens`
--

CREATE TABLE `personal_access_tokens` (
  `id` bigint(20) UNSIGNED NOT NULL,
  `tokenable_type` varchar(255) COLLATE utf8mb4_unicode_ci NOT NULL,
  `tokenable_id` bigint(20) UNSIGNED NOT NULL,
  `name` varchar(255) COLLATE utf8mb4_unicode_ci NOT NULL,
  `token` varchar(64) COLLATE utf8mb4_unicode_ci NOT NULL,
  `abilities` text COLLATE utf8mb4_unicode_ci,
  `last_used_at` timestamp NULL DEFAULT NULL,
  `created_at` timestamp NULL DEFAULT NULL,
  `updated_at` timestamp NULL DEFAULT NULL
) ENGINE=InnoDB DEFAULT CHARSET=utf8mb4 COLLATE=utf8mb4_unicode_ci;

-- --------------------------------------------------------

--
-- Structure de la table `pharmacies`
--

CREATE TABLE `pharmacies` (
  `PHARMACode` varchar(10) NOT NULL,
  `PHARMAVille` varchar(100) DEFAULT NULL,
  `PHARMAAdresse` varchar(100) DEFAULT NULL,
  `PHARMANumeroTelephone` varchar(30) DEFAULT NULL,
  `PHARMAMail` varchar(100) DEFAULT NULL
) ENGINE=InnoDB DEFAULT CHARSET=utf8;

--
-- Déchargement des données de la table `pharmacies`
--

INSERT INTO `pharmacies` (`PHARMACode`, `PHARMAVille`, `PHARMAAdresse`, `PHARMANumeroTelephone`, `PHARMAMail`) VALUES
('PH001', 'Paris', '14 Avenue des Champs Elysée', '+33458091057', 'pharmacie.paris@hotmail.fr'),
('PH002', 'Lyon', '16 Rue de la République', '+33408637111', 'pharmacie.lyon@gmail.com'),
('PH003', 'Marseille', '25 Allée Léon Gambetta', '+33465294666', 'pharmacie.marseille@laposte.net'),
('PH004', 'Lille', '9 Cour Delcroix', '+33489146694', 'pharmacie.lille@outlook.com'),
('PH005', 'Bordeaux', '8 Rue Charles De Gaulle', '+33434402229', 'pharmacie.bordeaux@hotmail.fr'),
('PH006', 'Toulouse', '3 Allée Charles de Fitte', '+33435487884', 'pharmacie.toulouse@gmail.com'),
('PH007', 'Grenoble', '23 rue de Villeneuve', '+33472349080', 'pharmacie.grenoble@gmail.com');

-- --------------------------------------------------------

--
-- Structure de la table `produits`
--

CREATE TABLE `produits` (
  `PRODRef` varchar(20) NOT NULL,
  `PRODLibelle` varchar(200) DEFAULT NULL,
  `PRODPrixUnitaire` decimal(11,2) DEFAULT NULL
) ENGINE=InnoDB DEFAULT CHARSET=utf8;

--
-- Déchargement des données de la table `produits`
--

INSERT INTO `produits` (`PRODRef`, `PRODLibelle`, `PRODPrixUnitaire`) VALUES
('1', 'Paracétamol - Antalgique', '2.18'),
('10', 'Ibuprofène - Antalgique - Anti-inflammatoire', '1.99'),
('11', 'Codéine en association - Antalgique', '4.23'),
('12', 'Tramadol en association - Antalgique', '3.76'),
('13', 'Amoxicilline - Antibiotique', '3.20'),
('14', 'Colécalciférol (vitamine D3) - Vitamine D', '2.13'),
('15', 'Acétylsalicylique acide - Antithrombotique', '5.18'),
('16', 'Lévothyroxine sodique - Médicament de la thyroide', '2.99'),
('17', 'Phloroglucinol - Antispasmodique', '2.43'),
('18', 'Paracétamol en association - Antalgique', '2.21'),
('19', 'Metformine - Antidiabétique', '3.14'),
('2', 'Diclofénac - Anti-inflammatoire', '6.17'),
('20', 'Esoméprazole - Anti-ulcéreux', '5.12'),
('21', 'Zolpidem - Hypnotique', '7.99'),
('22', 'Oméprazole - Anti-ulcéreux', '5.19'),
('23', 'Macrogol - Laxatif', '1.93'),
('24', 'Amoxicilline et inhibiteur d’enzyme - Antibiotique', '2.89'),
('25', 'Alprazolam - Anxiolytique', '3.29'),
('26', 'Furosémide - Diurétique de l’anse', '4.13'),
('27', 'Zopiclone - Hypnotique', '6.13'),
('28', 'Méthadone - Traitement substitutif des pharmacodépendances', '12.99'),
('29', 'Prednisolone - Anti-inflammatoire', '5.99'),
('3', 'Bisoprolol - Béta-bloquant', '4.13'),
('30', 'Chlorhexidine en association - Antiseptique local', '2.89'),
('4', 'Larmes artificielles et autres préparations - Médicament ophtalmologique', '8.12'),
('5', 'Atorvastatine - Hypolipémiant', '5.99'),
('6', 'Lidocaïne/Prilocaïne - Anesthésique local', '8.59'),
('7', 'Lévonorgestrel et éthinylestradiol - Contraceptif hormonal', '6.13'),
('8', 'Paroxétine - Antidépresseur', '8.34'),
('9', 'Pantoprazole - Anti-ulcéreux', '5.99');

-- --------------------------------------------------------

--
-- Structure de la table `users`
--

CREATE TABLE `users` (
  `id` bigint(20) UNSIGNED NOT NULL,
  `name` varchar(255) COLLATE utf8mb4_unicode_ci NOT NULL,
  `email` varchar(255) COLLATE utf8mb4_unicode_ci NOT NULL,
  `email_verified_at` timestamp NULL DEFAULT NULL,
  `password` varchar(255) COLLATE utf8mb4_unicode_ci NOT NULL,
  `remember_token` varchar(100) COLLATE utf8mb4_unicode_ci DEFAULT NULL,
  `created_at` timestamp NULL DEFAULT NULL,
  `updated_at` timestamp NULL DEFAULT NULL
) ENGINE=InnoDB DEFAULT CHARSET=utf8mb4 COLLATE=utf8mb4_unicode_ci;

--
-- Déchargement des données de la table `users`
--

INSERT INTO `users` (`id`, `name`, `email`, `email_verified_at`, `password`, `remember_token`, `created_at`, `updated_at`) VALUES
(1, 'admin', 'admin@admin.fr', NULL, '$2y$10$EOLnmPGcyf1Ir0pOWQaBPe7HS3NvRubrREOuIvnhXwWI58QWWw5oi', 'WNvk6AaVU2976av8hHlGEzgpoS2MVMH7sCEJ12YAv6IX1ODdCvh7U10jp474', '2022-04-02 12:04:49', '2022-04-02 12:04:49');

-- --------------------------------------------------------

--
-- Structure de la table `utilisateurs`
--

CREATE TABLE `utilisateurs` (
  `UTILCode` varchar(10) NOT NULL,
  `UTILIdentifiant` varchar(50) DEFAULT NULL,
  `UTILPassword` varchar(50) DEFAULT NULL,
  `UTILPharmacieSecteur` varchar(10) NOT NULL
) ENGINE=InnoDB DEFAULT CHARSET=utf8;

--
-- Déchargement des données de la table `utilisateurs`
--

INSERT INTO `utilisateurs` (`UTILCode`, `UTILIdentifiant`, `UTILPassword`, `UTILPharmacieSecteur`) VALUES
('1', 'gmatasov0@weebly.com', 'hCvvYyRHTux', 'PH006'),
('10', 'bvanderson9@aboutads.info', '4HO15r7Rv', 'PH001'),
('100', 'ebert2r@huffingtonpost.com', 'Qg76WH', 'PH004'),
('101', 'eryhorovich2s@nyu.edu', '2kWV6TvKU', 'PH004'),
('102', 'mcadney2t@disqus.com', 'i30ji6HHT', 'PH003'),
('103', 'hconnikie2u@bravesites.com', '9xYJr0', 'PH003'),
('104', 'tgoulbourn2v@51.la', '6o55eVlELlM', 'PH003'),
('105', 'hzeal2w@wiley.com', 'u5z6Rn', 'PH003'),
('106', 'oyetts2x@marriott.com', 'gTArkgS9', 'PH006'),
('107', 'ufilby2y@wsj.com', 'w8sIvO02mJjn', 'PH001'),
('108', 'lmonteith2z@tripadvisor.com', 'UfgxEaBVTD', 'PH002'),
('109', 'shalliberton30@purevolume.com', 'tBqu4wKXJ', 'PH003'),
('11', 'rswaffera@bluehost.com', 'zYhlHY', 'PH006'),
('110', 'sbohje31@npr.org', 'iSdq1YZ3yHJ', 'PH001'),
('111', 'rmccauley32@tinyurl.com', 'Cf8SVM7', 'PH002'),
('112', 'rclemenzi33@java.com', 'NP9zK1HIbCi', 'PH001'),
('113', 'smarriage34@army.mil', 'n5Awq82', 'PH003'),
('114', 'ebadland35@bloglines.com', 'BVUTWXOl', 'PH002'),
('115', 'lkiwitz36@i2i.jp', 'KvuLVXf', 'PH001'),
('116', 'gcanon37@list-manage.com', 'sz6OaBDtNDh', 'PH004'),
('117', 'smccolm38@myspace.com', 'w2Q3Q1', 'PH005'),
('118', 'dendley39@photobucket.com', 'Cilupnj', 'PH005'),
('119', 'ppiddlehinton3a@hostgator.com', 'rn6273UV76', 'PH001'),
('12', 'bberntssenb@samsung.com', 'RUFmviVVWMWw', 'PH005'),
('120', 'gcunniff3b@delicious.com', '9z34EWicHo2', 'PH006'),
('121', 'etume3c@woothemes.com', '0TSxexOW7Ks', 'PH002'),
('122', 'pmaleby3d@github.io', 'sOxEr0e', 'PH006'),
('123', 'kabrahmson3e@godaddy.com', 'cXyBEVm', 'PH003'),
('124', 'gmonnoyer3f@trellian.com', 'Uph72zZqBw', 'PH003'),
('125', 'efewkes3g@123-reg.co.uk', 'iIB5YSjqk95', 'PH001'),
('126', 'bparysiak3h@sogou.com', 'kWI6yx9msw', 'PH002'),
('127', 'aahlf3i@fastcompany.com', 'WMhtqU', 'PH004'),
('128', 'rbishopp3j@noaa.gov', 'DCLOyw8vyUb', 'PH002'),
('129', 'mdallin3k@meetup.com', 'KNcOpiI', 'PH002'),
('13', 'jshuggc@paginegialle.it', 'xRub7wCb', 'PH006'),
('130', 'ntimny3l@sohu.com', 'Poz4bbKsbxF', 'PH002'),
('131', 'ssneaker3m@amazon.co.jp', '03lkR6Z7u', 'PH004'),
('132', 'apeacher3n@diigo.com', '97f5lOYiL', 'PH004'),
('133', 'aheaselgrave3o@icio.us', 'jhFqPRabDo', 'PH004'),
('134', 'vberfoot3p@freewebs.com', 'V1EHnai', 'PH005'),
('135', 'lcaulcott3q@mail.ru', 'QzyjWN', 'PH004'),
('136', 'bmcgloin3r@list-manage.com', 'cNdlmSh', 'PH006'),
('137', 'ameineck3s@hao123.com', '6mXAhq7', 'PH004'),
('138', 'dkordova3t@arstechnica.com', 'urejVe', 'PH006'),
('139', 'tsandifer3u@1688.com', 'q9Jace8C302c', 'PH006'),
('14', 'sshoulerd@bluehost.com', 'b9Po5J8rii', 'PH003'),
('140', 'kcormack3v@nhs.uk', 'SdLTc2C', 'PH005'),
('141', 'dantyshev3w@timesonline.co.uk', 'jGPvLvS', 'PH001'),
('142', 'rheinicke3x@yolasite.com', 'Us3zzGjTNe', 'PH002'),
('143', 'gcorkett3y@tripadvisor.com', 'AP7z4ZfBCddf', 'PH005'),
('144', 'rcasebourne3z@springer.com', 'y53gZrKiw', 'PH002'),
('145', 'sconiff40@hud.gov', '78TbfABTeKM9', 'PH006'),
('146', 'bponsford41@ted.com', 'CMa7Exms', 'PH006'),
('147', 'afouldes42@tiny.cc', 'nuLhoBC6SlNO', 'PH001'),
('148', 'lprint43@globo.com', '23enQiz', 'PH004'),
('149', 'sbonnell44@tumblr.com', 'Ivp0Xco', 'PH004'),
('15', 'ssampsone@loc.gov', 'f1CIfaVd', 'PH001'),
('150', 'lilliston45@taobao.com', 'KXB9bMQHj', 'PH003'),
('151', 'dkeeney46@google.it', 'DuQsLN', 'PH005'),
('152', 'mbiss47@zdnet.com', 'ej4DxPSkHfc', 'PH005'),
('153', 'agerrill48@mozilla.com', 'xrYwjxl', 'PH003'),
('154', 'oadiscot49@telegraph.co.uk', 'mOBBiOg', 'PH002'),
('155', 'lclouter4a@ustream.tv', '59QHA1rh1mHC', 'PH002'),
('156', 'bmcclifferty4b@webmd.com', 'ZWx9yAXOkQ', 'PH001'),
('157', 'ajearum4c@washington.edu', 'JzyxsKoOK', 'PH003'),
('158', 'sbeau4d@seattletimes.com', 'Jqz16DIrmtT', 'PH003'),
('159', 'ldunklee4e@statcounter.com', 'puDtX4xTP', 'PH002'),
('16', 'lbartrapf@amazon.co.jp', '9hL347Oyx', 'PH004'),
('160', 'hthinn4f@cdbaby.com', 'yGuw9Blfm7', 'PH004'),
('161', 'tclarae4g@discovery.com', '6OCpVouZz', 'PH002'),
('162', 'wkeunemann4h@homestead.com', '7faI3d', 'PH002'),
('163', 'tkares4i@tinypic.com', 'D9IFrJ', 'PH006'),
('164', 'lbednall4j@wix.com', '9CbtJCu', 'PH001'),
('165', 'gbaigrie4k@wikia.com', 'XkT6zbfsopW', 'PH002'),
('166', 'aoflaherty4l@upenn.edu', 'niBpf7LD27', 'PH005'),
('167', 'tlangtry4m@cdbaby.com', 'yf1ZKba', 'PH001'),
('168', 'oselwyn4n@pcworld.com', 'j9Ad0ABg9bBB', 'PH004'),
('169', 'ftows4o@tmall.com', 'Kre5LPg', 'PH006'),
('17', 'cbarghg@facebook.com', '5NHl36pr4', 'PH006'),
('170', 'mcope4p@forbes.com', 'i65AbiC', 'PH001'),
('171', 'selderkin4q@ox.ac.uk', 'sZoBW6g', 'PH002'),
('172', 'yjanic4r@freewebs.com', 'EoIPqx', 'PH002'),
('173', 'tmcalister4s@youku.com', 'FUE7z559pUYA', 'PH004'),
('174', 'hshills4t@ucoz.com', '2UVVCwM', 'PH004'),
('175', 'ecovill4u@flickr.com', '087ueI09MOD', 'PH001'),
('176', 'gtrimmell4v@vinaora.com', 'eDDt8lygkEqW', 'PH001'),
('177', 'rcrownshaw4w@shareasale.com', 'CtfJGXVWZVhW', 'PH006'),
('178', 'aroaf4x@nationalgeographic.com', 'd47RhcZz', 'PH003'),
('179', 'xglendinning4y@people.com.cn', 'C79bUg', 'PH006'),
('18', 'hlafayetteh@joomla.org', 'IyR0UGj', 'PH001'),
('180', 'wleconte4z@mapy.cz', 'Yr1so4Aj', 'PH006'),
('181', 'sslewcock50@nhs.uk', 'ZSXPbG6JTA', 'PH002'),
('182', 'aranger51@privacy.gov.au', 'Ll7lwl', 'PH002'),
('183', 'gwardroper52@ucla.edu', 'YE5eNJ7Jyl', 'PH004'),
('184', 'sleynagh53@mashable.com', 'mPACFJHoEx', 'PH003'),
('185', 'mhawkin54@hugedomains.com', 'eUM6ZtPdcc', 'PH001'),
('186', 'scarvilla55@mysql.com', 'Ma5VRK0Y', 'PH003'),
('187', 'uorhtmann56@noaa.gov', 'EWysLyQUxGfy', 'PH006'),
('188', 'nlind57@facebook.com', '0vCMQa', 'PH005'),
('189', 'ainsworth58@nyu.edu', 'sTmEBM6vli', 'PH003'),
('19', 'apaxtoni@example.com', '5EcH9TF', 'PH005'),
('190', 'bhalso59@digg.com', 'hgwS13kv', 'PH006'),
('191', 'blanegran5a@miitbeian.gov.cn', 'cv6yvT', 'PH003'),
('192', 'gyanele5b@vinaora.com', '69EDSEv3sI', 'PH001'),
('193', 'wdulling5c@wufoo.com', '1IXMEW', 'PH004'),
('194', 'mgierke5d@weebly.com', 'D2PwVR', 'PH002'),
('195', 'ffroment5e@state.gov', '7ZgkvEaIx8u', 'PH006'),
('196', 'lcaygill5f@biglobe.ne.jp', 'iTzNwRWQCzJM', 'PH006'),
('197', 'asandells5g@jugem.jp', 'TmZaujOy8qR', 'PH003'),
('198', 'jpingstone5h@ovh.net', 'Ab6rLgJXD', 'PH005'),
('199', 'nmanvelle5i@adobe.com', 'y0nqQLGBE', 'PH004'),
('2', 'vbellord1@springer.com', 'JIzN3Z', 'PH005'),
('20', 'gpaffj@chicagotribune.com', 'tz46TlU', 'PH006'),
('200', 'wchidler5j@oaic.gov.au', '9CBw6S9B', 'PH003'),
('201', 'tcashell5k@wikia.com', 'F0Ukglk', 'PH003'),
('202', 'bodd5l@networksolutions.com', 'nvzZFSZ', 'PH006'),
('203', 'bberrygun5m@behance.net', 'YvB2zGWP', 'PH006'),
('204', 'ggush5n@tiny.cc', 'js5NQVTRM4', 'PH004'),
('205', 'hchatelain5o@hp.com', 'nP4oZB', 'PH001'),
('206', 'stewkesberry5p@com.com', 'X5fuFqwXT3z1', 'PH005'),
('207', 'cfirks5q@yale.edu', 'CPApbqm', 'PH005'),
('208', 'kryce5r@networkadvertising.org', '9rjtKeZ', 'PH004'),
('209', 'dkintzel5s@squidoo.com', 'UlqxNgNHOUKp', 'PH003'),
('21', 'ahaingek@macromedia.com', 'peIU9VXYF', 'PH005'),
('210', 'rgress5t@imageshack.us', 'WD9Y4SJ7huxZ', 'PH003'),
('211', 'nyurtsev5u@themeforest.net', 'N16KUHLaj28J', 'PH004'),
('212', 'rvanyushkin5v@cmu.edu', 'xUpYCY4du4', 'PH006'),
('213', 'rliggins5w@smugmug.com', 'ycDOuVHtLVLC', 'PH005'),
('214', 'afather5x@wordpress.com', 'hwIXKpjz', 'PH006'),
('215', 'jparades5y@bloglines.com', 'VP9Pff9Asc6e', 'PH001'),
('216', 'bbrandhardy5z@sciencedaily.com', 'Gbt4XJWcN', 'PH001'),
('217', 'fjoddens60@deviantart.com', 'bpcKYww8', 'PH005'),
('218', 'ajeandet61@census.gov', 'MLPyiD95', 'PH005'),
('219', 'cfigin62@theguardian.com', 'PZqtvr', 'PH002'),
('22', 'aulsterl@foxnews.com', 'rfj89iN3', 'PH002'),
('220', 'mpimblott63@fotki.com', '5mtZYW4', 'PH005'),
('221', 'mworsfold64@ox.ac.uk', 'C6Me6t', 'PH006'),
('222', 'rpottberry65@xrea.com', 'SjEiqNZrh8F', 'PH001'),
('223', 'plisciandro66@google.co.jp', 'jnIh8u', 'PH003'),
('224', 'dhember67@i2i.jp', 'zXaxCKD7Vt', 'PH003'),
('225', 'gmarioneau68@is.gd', 'KXJBOd', 'PH003'),
('226', 'crosborough69@admin.ch', 'IvljOinYi', 'PH003'),
('227', 'wfirks6a@uiuc.edu', '594N4Lt8A', 'PH005'),
('228', 'yloseby6b@berkeley.edu', 'JsTLRFu', 'PH002'),
('229', 'cpreece6c@cloudflare.com', 'CtDr3aoR', 'PH005'),
('23', 'dwoltonm@eventbrite.com', 'wmLsTKsRq', 'PH002'),
('230', 'aprobbin6d@shareasale.com', 'ZPGvH373', 'PH006'),
('231', 'lduckers6e@sitemeter.com', 'Iya7J2rk', 'PH001'),
('232', 'hcutmere6f@surveymonkey.com', '9WqhvMrac', 'PH003'),
('233', 'rsewards6g@wp.com', 'gfEKNtR', 'PH003'),
('234', 'msabathier6h@arizona.edu', 'yI5FrQ', 'PH005'),
('235', 'jbishell6i@symantec.com', 'AVtq3T', 'PH002'),
('236', 'vbenedicto6j@digg.com', 'IlgsGAvhhs', 'PH002'),
('237', 'ksilver6k@uol.com.br', 'MVXvzUxTqeRq', 'PH002'),
('238', 'dtreat6l@wikia.com', 'XUjs2BX', 'PH001'),
('239', 'gbrownhall6m@amazon.com', 'tc3MLxAxgBi', 'PH003'),
('24', 'pflauniern@simplemachines.org', '3Q0sY315', 'PH003'),
('240', 'bgreenly6n@weather.com', 'IExF8KazBKc', 'PH002'),
('241', 'njurek6o@umich.edu', 'ghaBXELXUc', 'PH006'),
('242', 'tjoao6p@bandcamp.com', '7Ye2u1as', 'PH002'),
('243', 'afooter6q@craigslist.org', 'oClmjePqyb0', 'PH005'),
('244', 'lbirdsall6r@unc.edu', 'blCNIf8ms', 'PH004'),
('245', 'llemaitre6s@vinaora.com', 'YcngqzvQp', 'PH003'),
('246', 'jbuzine6t@tripod.com', 'zXvtA8eT0', 'PH005'),
('247', 'dbownde6u@wix.com', 'kvjVvTZSyWJV', 'PH005'),
('248', 'skiljan6v@shinystat.com', 'xJz2H4tYv', 'PH004'),
('249', 'ccoke6w@dot.gov', 'xzyI5D', 'PH001'),
('25', 'tdhillono@pcworld.com', 'MNHpQfW5uEhA', 'PH004'),
('250', 'hsavatier6x@amazonaws.com', 'xWUgYX0', 'PH005'),
('251', 'wberzons6y@linkedin.com', 'x91XCQ', 'PH006'),
('252', 'atrodler6z@mac.com', 'dDMGTiAhs6h', 'PH004'),
('253', 'vparadyce70@google.ru', 'dgJMIXieb', 'PH001'),
('254', 'zgotthard71@reddit.com', 'RF4GVkC', 'PH006'),
('255', 'ihuccaby72@howstuffworks.com', 'yorrl1', 'PH003'),
('256', 'bgladman73@sfgate.com', 'DJUjU2IVb', 'PH004'),
('257', 'ndrayson74@ameblo.jp', 'D0m14BW', 'PH004'),
('258', 'rgiovannacci75@businesswire.com', 'vl6NrdaLPVh', 'PH002'),
('259', 'wrentoll76@usda.gov', '0Ml66ZMhzuV', 'PH006'),
('26', 'hgowp@networksolutions.com', 'Bpjf2fXSiF', 'PH003'),
('260', 'awhitchurch77@surveymonkey.com', '0iDSbjswfVUU', 'PH005'),
('261', 'csweating78@google.com', 'GwFHfWABUH', 'PH002'),
('262', 'mdekeyser79@state.tx.us', 'FOrT29', 'PH004'),
('263', 'eraubenheimer7a@ameblo.jp', 'BYgGCOfsXF', 'PH004'),
('264', 'ggutsell7b@t-online.de', 'eHQTFT', 'PH006'),
('265', 'uhaselhurst7c@amazon.co.uk', '5xOYT7h3Vme', 'PH006'),
('266', 'aannice7d@wisc.edu', 'iUiRQRdM', 'PH003'),
('267', 'hcescoti7e@ucla.edu', 'qQaMBjW', 'PH001'),
('268', 'cgreber7f@independent.co.uk', 'JHsh8rVIXjj', 'PH006'),
('269', 'bjosephson7g@amazon.com', 'yyZh8tgBj9BD', 'PH003'),
('27', 'afurnissq@hc360.com', 'AL76oCf5T', 'PH006'),
('270', 'ecamili7h@sphinn.com', 'sfYZ1gx4', 'PH001'),
('271', 'skerwick7i@lulu.com', 'ttOl5iHmZxtl', 'PH002'),
('272', 'cfrizzell7j@huffingtonpost.com', '1M95FSZ3aA', 'PH002'),
('273', 'ggolda7k@ftc.gov', 'VkubqgYhYVvF', 'PH002'),
('274', 'gtriggs7l@bbc.co.uk', 'CKcT7iONzI', 'PH003'),
('275', 'wvaillant7m@fda.gov', '7wh3aUucVXH', 'PH003'),
('276', 'bmoores7n@imgur.com', 'tnurUp', 'PH002'),
('277', 'aloughan7o@linkedin.com', '3UjT54a', 'PH002'),
('278', 'fscampion7p@mtv.com', 'G0o235', 'PH003'),
('279', 'tkupker7q@sun.com', 'hAZvUc1x', 'PH006'),
('28', 'bburtwhistler@newsvine.com', 'q6On1pUf3l75', 'PH001'),
('280', 'ebiglin7r@mapy.cz', 'GTzzsBwdX', 'PH003'),
('281', 'ktwinborough7s@shareasale.com', '015NmEz', 'PH003'),
('282', 'dferrers7t@sphinn.com', 'EfU1t2Kz', 'PH001'),
('283', 'trowbottam7u@wordpress.org', 'Gsq6CEn1', 'PH003'),
('284', 'eson7v@multiply.com', 'Yqxp26hxH', 'PH006'),
('285', 'cneylan7w@ustream.tv', '03sul43OrEwh', 'PH006'),
('286', 'wliebmann7x@ow.ly', 'qFryDoHwj2W0', 'PH006'),
('287', 'blefever7y@360.cn', 'A3bNK9hd', 'PH006'),
('288', 'wwestgarth7z@businessinsider.com', 'eRYNug0Betd', 'PH002'),
('289', 'ddael80@soundcloud.com', 'IOYofkA', 'PH002'),
('29', 'cgomerys@squarespace.com', 'VX6f9P', 'PH001'),
('290', 'jflukes81@mozilla.org', 'xEoZIKnaaCe', 'PH002'),
('291', 'askechley82@admin.ch', 'NfShvFb', 'PH005'),
('292', 'hbrucker83@buzzfeed.com', '6AFEpO', 'PH003'),
('293', 'hfuster84@umn.edu', 'JQaALED8jbw', 'PH005'),
('294', 'dpudsall85@google.cn', 'olMGXaveF', 'PH001'),
('295', 'rkightly86@si.edu', 'DuJTkX8IOQ', 'PH005'),
('296', 'dchesher87@linkedin.com', 'UL85wJJ', 'PH005'),
('297', 'hburtonshaw88@mtv.com', 'MwDQxqBvYX', 'PH001'),
('298', 'smonnoyer89@guardian.co.uk', 'FJYhpUJ', 'PH004'),
('299', 'rflisher8a@t-online.de', '35J0AVIOa1y', 'PH006'),
('3', 'kdulinty2@dailymail.co.uk', 'ZoDBdzHPBe', 'PH001'),
('30', 'eprazert@networkadvertising.org', '21AWiAptjhd2', 'PH006'),
('300', 'galston8b@noaa.gov', 'yGdmLtiNLK', 'PH005'),
('301', 'gharriman8c@wisc.edu', 'YRsFYx1Zh', 'PH003'),
('302', 'zrenfree8d@hp.com', 'Wgo7l3qZe', 'PH006'),
('303', 'jbuffey8e@usa.gov', '5RJrmR', 'PH003'),
('304', 'clammerding8f@engadget.com', 'JfoBPszrK5', 'PH006'),
('305', 'pluckes8g@hibu.com', 'ezNIqaZcMlNA', 'PH003'),
('306', 'bprandini8h@gmpg.org', 'EMAmpnuOFK8', 'PH005'),
('307', 'rbellard8i@com.com', 'Ayo85by', 'PH006'),
('308', 'fbentham8j@cpanel.net', 'wx9uxeJ', 'PH005'),
('309', 'ssextie8k@gizmodo.com', 'LIulB0DGq', 'PH004'),
('31', 'aocalleranu@baidu.com', 'Iq2BMHETAHf', 'PH006'),
('310', 'mcolling8l@e-recht24.de', 'cSkZYelPgQz1', 'PH005'),
('311', 'efearnyough8m@angelfire.com', '4B4H3EE42', 'PH003'),
('312', 'bfowles8n@harvard.edu', 'osDIQ4J', 'PH005'),
('313', 'arudinger8o@tripod.com', 'HkSTTuBTqg', 'PH002'),
('314', 'pmccandie8p@cam.ac.uk', 'YT5eKKS3Ufh', 'PH004'),
('315', 'cadamik8q@sciencedaily.com', 'RuB82uVw4H', 'PH004'),
('316', 'ialderton8r@statcounter.com', '9VlEyC', 'PH001'),
('317', 'gdominetti8s@bravesites.com', 'Dz4SVabh', 'PH001'),
('318', 'pbrosio8t@squarespace.com', 'lFEVLQXDldkw', 'PH002'),
('319', 'nwardle8u@alexa.com', 'boVqjVRGeOM8', 'PH002'),
('32', 'rmacairtv@upenn.edu', 'PFsxp3GiYCNo', 'PH004'),
('320', 'rclere8v@omniture.com', 'gqNH3UC9hA', 'PH005'),
('321', 'nstenson8w@blog.com', 'Ixp8oOQf', 'PH004'),
('322', 'cginley8x@dagondesign.com', 'yThDQzQPQj', 'PH002'),
('323', 'flowater8y@ucoz.ru', 'C2Zge9', 'PH003'),
('324', 'rwellesley8z@arstechnica.com', 'HALyzIJPv', 'PH004'),
('325', 'kpala90@bloglovin.com', 'A3r8npkFE3', 'PH002'),
('326', 'ljoanaud91@noaa.gov', 'gaY11QaFnH', 'PH003'),
('327', 'kmallabone92@weebly.com', 'k0ptnZnN', 'PH004'),
('328', 'kantonoyev93@pen.io', 'tHY9xnSE9CfS', 'PH003'),
('329', 'rizod94@ft.com', 'hA6rP4Nut', 'PH001'),
('33', 'fdanyw@nydailynews.com', '7F7I1o', 'PH004'),
('330', 'cblanchet95@chron.com', '8aCPGBpbN0h', 'PH002'),
('331', 'kdruett96@moonfruit.com', 'hAdrgOY', 'PH002'),
('332', 'dcostellow97@surveymonkey.com', 'C3TMspj6gQv', 'PH002'),
('333', 'akleinhausen98@51.la', 'CbpqZX', 'PH001'),
('334', 'lbarry99@rambler.ru', 'pxPWsAqavQ', 'PH004'),
('335', 'welston9a@youku.com', 'klbAqXpDQOO', 'PH003'),
('336', 'swilacot9b@vkontakte.ru', 'NAu7NFwCCI36', 'PH005'),
('337', 'cbrandolini9c@wordpress.org', '1YIlfJLZYG', 'PH002'),
('338', 'ababbe9d@squarespace.com', 'FvGzvL', 'PH004'),
('339', 'acauson9e@people.com.cn', 'JTHlsT2WD1JK', 'PH005'),
('34', 'lbowldx@sina.com.cn', '9hsEAJ5', 'PH004'),
('340', 'cbrandrick9f@ezinearticles.com', 'sEfOgojPR9h1', 'PH005'),
('341', 'gbanasiak9g@sina.com.cn', 'ETxIbEZYsb', 'PH005'),
('342', 'mmummery9h@diigo.com', 'KE9PmBbcw61G', 'PH003'),
('343', 'fbamford9i@blogs.com', 'apeUetvoh', 'PH003'),
('344', 'amunkley9j@technorati.com', '2Nc8N4e', 'PH004'),
('345', 'mgraybeal9k@blog.com', 'IlcnNRs9epI', 'PH006'),
('346', 'dcurrao9l@linkedin.com', 'DUc7w6MJ', 'PH003'),
('347', 'blynde9m@vistaprint.com', 'YJWKwSjnVB', 'PH003'),
('348', 'cbretherick9n@netscape.com', '3YfSvIDj', 'PH002'),
('349', 'rcrichten9o@mediafire.com', 'AKBKOtzxs', 'PH001'),
('35', 'bkenwortheyy@tripod.com', 'ELFZSNf', 'PH005'),
('350', 'dmayte9p@statcounter.com', 'V0aIB79H', 'PH004'),
('351', 'ncamamile9q@flickr.com', 'WzTkUfkx', 'PH001'),
('352', 'sskypp9r@washington.edu', 'ID9FHA6GS', 'PH004'),
('353', 'rdoleman9s@exblog.jp', 'eMOK0v2N', 'PH003'),
('354', 'arizon9t@biglobe.ne.jp', '82CJZVS', 'PH001'),
('355', 'sstockton9u@timesonline.co.uk', 'UG4HItL8d', 'PH001'),
('356', 'rgotthard9v@mlb.com', '4ykZowmpH', 'PH002'),
('357', 'ggalia9w@ameblo.jp', '65gV3O', 'PH003'),
('358', 'sgillis9x@parallels.com', 'n0FbLIsJBzN', 'PH001'),
('359', 'osegot9y@amazonaws.com', 'SqvYMo', 'PH005'),
('36', 'ehazeldenz@nps.gov', 'Qd3hlf3', 'PH006'),
('360', 'noddy9z@hatena.ne.jp', '9W1YTnb6', 'PH004'),
('361', 'kboulta0@forbes.com', 'canue09GV', 'PH006'),
('362', 'bciccoloia1@fotki.com', 'pyLzD2ZeDSG', 'PH005'),
('363', 'semburya2@craigslist.org', 'pYkVel', 'PH002'),
('364', 'mtaillanta3@loc.gov', 'mTCDZwL7', 'PH001'),
('365', 'gdakhova4@nbcnews.com', 'bTFeMdxRq2', 'PH001'),
('366', 'ldommerquea5@mail.ru', 'RujzTju7Qm', 'PH003'),
('367', 'bglassa6@odnoklassniki.ru', 'FgVSziuXbKMo', 'PH002'),
('368', 'rgallifonta7@redcross.org', 'Wd3Hym', 'PH005'),
('369', 'agreisera8@chicagotribune.com', 'qaQO3qh', 'PH002'),
('37', 'egauntley10@networksolutions.com', '2XRom2', 'PH004'),
('370', 'klottea9@about.me', 'JyPHNGtRaa', 'PH005'),
('371', 'agoffeaa@bloglines.com', 'PDIQkrdGd6ab', 'PH003'),
('372', 'gferencowiczab@wired.com', '9Zd705nBY', 'PH003'),
('373', 'acoonihanac@wordpress.org', 'pjjGf9S', 'PH001'),
('374', 'hvaarad@utexas.edu', 'OMAvpB', 'PH006'),
('375', 'scolliberae@jigsy.com', 'Ux3OtU0idCN', 'PH005'),
('376', 'clochrieaf@discuz.net', '9HoMDV', 'PH005'),
('377', 'handerag@shutterfly.com', 'TMDJia', 'PH005'),
('378', 'jhogginah@sbwire.com', 'p6cbyn6', 'PH005'),
('379', 'mstedeai@1und1.de', 'Wl36C47nwE', 'PH006'),
('38', 'rbrundle11@webmd.com', 'WB19bKEbfHs', 'PH003'),
('380', 'ebarzaj@yolasite.com', 'Wab5oBjxklsM', 'PH004'),
('381', 'mbiglyak@google.de', 'Lc23Bg9VU', 'PH006'),
('382', 'nsiderfinal@timesonline.co.uk', 'HSk90m', 'PH006'),
('383', 'dpittetam@last.fm', 'TzEXC6Swr', 'PH006'),
('384', 'lsyrattan@bbb.org', 'z0SXkjSDi6fr', 'PH006'),
('385', 'dliccardoao@bluehost.com', 'bTeibBn2Dzy', 'PH006'),
('386', 'tleydonap@marriott.com', 'atZPbs', 'PH001'),
('387', 'pcannicottaq@squidoo.com', 'OQNVigP7AByP', 'PH002'),
('388', 'edowsear@sciencedirect.com', 'qeFvXNf1ZNcc', 'PH002'),
('389', 'agamblesas@friendfeed.com', 'lNCSPgGHdSn', 'PH002'),
('39', 'bupstell12@salon.com', 'VtfU5QDkll', 'PH001'),
('390', 'blegoodat@yandex.ru', '30Qb5Kl', 'PH005'),
('391', 'kswaingerau@alexa.com', 'SbqQHvvYiGpd', 'PH001'),
('392', 'bcrannaav@mozilla.com', '1ssGfTAC', 'PH004'),
('393', 'cbatyaw@bluehost.com', 'MksB6rx', 'PH003'),
('394', 'awookeyax@discuz.net', 'haignL', 'PH001'),
('395', 'ehawthorneay@eepurl.com', '1ewSoF', 'PH006'),
('396', 'pearlesaz@angelfire.com', '3rLukH0m', 'PH004'),
('397', 'rbaldcockb0@taobao.com', 'NuLX3m', 'PH002'),
('398', 'sdomesdayb1@sina.com.cn', 'dqbGMCOdvq', 'PH002'),
('399', 'rscottingb2@admin.ch', 'MgX8Xomt', 'PH005'),
('4', 'cabramowsky3@hp.com', 'R3VzItXXoJI', 'PH001'),
('40', 'mbineham13@printfriendly.com', 'BAQ1VcE7qLS', 'PH005'),
('400', 'lraundsb3@craigslist.org', 'lAwPmFbpA', 'PH001'),
('41', 'oglison14@topsy.com', '8tXggMpr806q', 'PH004'),
('42', 'byarnall15@csmonitor.com', 'gC9xcpkN', 'PH002'),
('43', 'traulstone16@indiatimes.com', 'blncKxc', 'PH003'),
('44', 'irobion17@last.fm', 'uJ4sir', 'PH005'),
('45', 'dotson18@dmoz.org', '88fCp431z', 'PH005'),
('46', 'bgoosnell19@alexa.com', 'h1gTbmEKip', 'PH004'),
('47', 'mturri1a@addthis.com', 'KXdeyF2gnJ', 'PH002'),
('48', 'rgowry1b@liveinternet.ru', 'fMhRa4', 'PH005'),
('49', 'gdonnel1c@alexa.com', 'xMTwxlBNRAJZ', 'PH006'),
('5', 'gfairbeard4@wikispaces.com', 'pZZ3mNg', 'PH003'),
('50', 'bblumson1d@latimes.com', 'ewwSSl', 'PH006'),
('51', 'rblumfield1e@shinystat.com', 'kGnqlsqXU', 'PH003'),
('52', 'acorkan1f@jimdo.com', 'ywtTu5e1zlUW', 'PH002'),
('53', 'lblowfield1g@desdev.cn', 'jRGVc8R', 'PH002'),
('54', 'tlowle1h@geocities.com', 'Zj3ovVjiU1F', 'PH001'),
('55', 'lmonnoyer1i@intel.com', 'jP25AHiw3Hu', 'PH006'),
('56', 'eworwood1j@qq.com', 'w1FmSmnLq', 'PH004'),
('57', 'gseth1k@google.nl', 'bvxlTW', 'PH005'),
('58', 'aderl1l@home.pl', 'wC2imPQQogK2', 'PH002'),
('59', 'ssissel1m@nbcnews.com', 'ImVVm0e3', 'PH005'),
('6', 'bledgard5@seesaa.net', 'z9PCnZXoTJ2C', 'PH005'),
('60', 'rdelia1n@psu.edu', 'FtZ2Pb', 'PH004'),
('61', 'ffoulser1o@chicagotribune.com', '4Jw00hpB', 'PH005'),
('62', 'faskham1p@europa.eu', 'GyHFD3W', 'PH002'),
('63', 'glerner1q@wikispaces.com', '5ut0uyq8', 'PH004'),
('64', 'mruckhard1r@dailymotion.com', 'aZsBPEnZfQV', 'PH005'),
('65', 'lsheryn1s@va.gov', 'U2UPjhPGXW', 'PH001'),
('66', 'anewnham1t@ibm.com', 'NuynWlz', 'PH002'),
('67', 'pbisacre1u@whitehouse.gov', '4HCUGK', 'PH006'),
('68', 'dlamberti1v@alexa.com', 'TxfCl51T', 'PH001'),
('69', 'ogregan1w@phoca.cz', 'I9lOkvWG', 'PH004'),
('7', 'aludy6@nationalgeographic.com', '8gnIYbw', 'PH006'),
('70', 'evreiberg1x@rediff.com', 'NZG3eONR', 'PH002'),
('71', 'abrindley1y@google.com.hk', 'ZYJ2Njrnmgh', 'PH004'),
('72', 'nreddihough1z@jiathis.com', 'wq8Imdxvy4W', 'PH002'),
('73', 'amillthorpe20@mozilla.org', 'h7VTFrm8iCDc', 'PH005'),
('74', 'asherbourne21@ovh.net', 'FopIIgWr', 'PH006'),
('75', 'gdransfield22@theguardian.com', 'S8NoT5fWF', 'PH004'),
('76', 'chainey23@webeden.co.uk', 'qoRVYJ46', 'PH004'),
('77', 'cminget24@joomla.org', '5pxB72', 'PH001'),
('78', 'hchurch25@statcounter.com', 'LQWluRz', 'PH001'),
('79', 'ewittke26@miibeian.gov.cn', '6rOyW2n', 'PH003'),
('8', 'melam7@trellian.com', '7wRTueFXUn', 'PH005'),
('80', 'tbrito27@mozilla.org', 'BVyXFQQiJbVK', 'PH006'),
('81', 'ecarvill28@businessinsider.com', 'JPK2ibodBD', 'PH003'),
('82', 'cmackellen29@cargocollective.com', '8U73u8', 'PH004'),
('83', 'ebettleson2a@sina.com.cn', '6uAeFvL92Aw', 'PH005'),
('84', 'snisot2b@amazon.de', 'FsrJqWbBvTfQ', 'PH001'),
('85', 'aweyman2c@ebay.com', 'n8sn5XntCFd', 'PH006'),
('86', 'lfillary2d@wired.com', 'gVscCMUa', 'PH006'),
('87', 'madnett2e@rambler.ru', 'GC4xftr', 'PH005'),
('88', 'szamudio2f@biblegateway.com', 'juHJPfACIvM4', 'PH001'),
('89', 'tidiens2g@ask.com', 'YXTwhCR3TkmS', 'PH002'),
('9', 'sdradey8@e-recht24.de', '8pgdqG3', 'PH003'),
('90', 'droadknight2h@webmd.com', 'BuOLAoE4', 'PH004'),
('91', 'adigman2i@toplist.cz', '5gwmUhJ0', 'PH001'),
('92', 'hyarham2j@biglobe.ne.jp', 'wpPTI01qh', 'PH006'),
('93', 'smacchaell2k@youtu.be', 'OkMrWNia', 'PH006'),
('94', 'lgabbotts2l@usa.gov', 'RMQb7G7b', 'PH002'),
('95', 'swallsworth2m@cmu.edu', 'hAYuae', 'PH004'),
('96', 'dgreetham2n@cbc.ca', 'oeSCCa6iWpF', 'PH004'),
('97', 'mtoop2o@sbwire.com', 'PSnjdqZ', 'PH004'),
('98', 'lwhiten2p@seattletimes.com', 'C32YU5vfTuIb', 'PH004'),
('99', 'icleghorn2q@ed.gov', 'n8ZR1u', 'PH003'),
('niaiu', 'ijznji', 'uiuiuu', 'PH002');

--
-- Index pour les tables déchargées
--

--
-- Index pour la table `commandes`
--
ALTER TABLE `commandes`
  ADD PRIMARY KEY (`COMRef`),
  ADD KEY `UTILCode` (`UTILCode`);

--
-- Index pour la table `employes`
--
ALTER TABLE `employes`
  ADD PRIMARY KEY (`EMPLOYCode`),
  ADD KEY `EMPLOYPharmacie` (`EMPLOYPharmacie`);

--
-- Index pour la table `failed_jobs`
--
ALTER TABLE `failed_jobs`
  ADD PRIMARY KEY (`id`),
  ADD UNIQUE KEY `failed_jobs_uuid_unique` (`uuid`);

--
-- Index pour la table `lignecommandes`
--
ALTER TABLE `lignecommandes`
  ADD PRIMARY KEY (`COMRef`,`PRODRef`),
  ADD KEY `PRODRef` (`PRODRef`);

--
-- Index pour la table `migrations`
--
ALTER TABLE `migrations`
  ADD PRIMARY KEY (`id`);

--
-- Index pour la table `password_resets`
--
ALTER TABLE `password_resets`
  ADD KEY `password_resets_email_index` (`email`);

--
-- Index pour la table `personal_access_tokens`
--
ALTER TABLE `personal_access_tokens`
  ADD PRIMARY KEY (`id`),
  ADD UNIQUE KEY `personal_access_tokens_token_unique` (`token`),
  ADD KEY `personal_access_tokens_tokenable_type_tokenable_id_index` (`tokenable_type`,`tokenable_id`);

--
-- Index pour la table `pharmacies`
--
ALTER TABLE `pharmacies`
  ADD PRIMARY KEY (`PHARMACode`);

--
-- Index pour la table `produits`
--
ALTER TABLE `produits`
  ADD PRIMARY KEY (`PRODRef`);

--
-- Index pour la table `users`
--
ALTER TABLE `users`
  ADD PRIMARY KEY (`id`),
  ADD UNIQUE KEY `users_email_unique` (`email`);

--
-- Index pour la table `utilisateurs`
--
ALTER TABLE `utilisateurs`
  ADD PRIMARY KEY (`UTILCode`),
  ADD KEY `UTILPharmacieSecteur` (`UTILPharmacieSecteur`);

--
-- AUTO_INCREMENT pour les tables déchargées
--

--
-- AUTO_INCREMENT pour la table `failed_jobs`
--
ALTER TABLE `failed_jobs`
  MODIFY `id` bigint(20) UNSIGNED NOT NULL AUTO_INCREMENT;

--
-- AUTO_INCREMENT pour la table `migrations`
--
ALTER TABLE `migrations`
  MODIFY `id` int(10) UNSIGNED NOT NULL AUTO_INCREMENT, AUTO_INCREMENT=5;

--
-- AUTO_INCREMENT pour la table `personal_access_tokens`
--
ALTER TABLE `personal_access_tokens`
  MODIFY `id` bigint(20) UNSIGNED NOT NULL AUTO_INCREMENT;

--
-- AUTO_INCREMENT pour la table `users`
--
ALTER TABLE `users`
  MODIFY `id` bigint(20) UNSIGNED NOT NULL AUTO_INCREMENT, AUTO_INCREMENT=2;

--
-- Contraintes pour les tables déchargées
--

--
-- Contraintes pour la table `commandes`
--
ALTER TABLE `commandes`
  ADD CONSTRAINT `commandes_ibfk_1` FOREIGN KEY (`UTILCode`) REFERENCES `utilisateurs` (`UTILCode`);

--
-- Contraintes pour la table `employes`
--
ALTER TABLE `employes`
  ADD CONSTRAINT `employes_ibfk_1` FOREIGN KEY (`EMPLOYPharmacie`) REFERENCES `pharmacies` (`PHARMACode`);

--
-- Contraintes pour la table `lignecommandes`
--
ALTER TABLE `lignecommandes`
  ADD CONSTRAINT `lignecommandes_ibfk_1` FOREIGN KEY (`COMRef`) REFERENCES `commandes` (`COMRef`),
  ADD CONSTRAINT `lignecommandes_ibfk_2` FOREIGN KEY (`PRODRef`) REFERENCES `produits` (`PRODRef`);

--
-- Contraintes pour la table `utilisateurs`
--
ALTER TABLE `utilisateurs`
  ADD CONSTRAINT `utilisateurs_ibfk_1` FOREIGN KEY (`UTILPharmacieSecteur`) REFERENCES `pharmacies` (`PHARMACode`);
COMMIT;

/*!40101 SET CHARACTER_SET_CLIENT=@OLD_CHARACTER_SET_CLIENT */;
/*!40101 SET CHARACTER_SET_RESULTS=@OLD_CHARACTER_SET_RESULTS */;
/*!40101 SET COLLATION_CONNECTION=@OLD_COLLATION_CONNECTION */;
